entity,id,field,original,corrected,reason
students,1,gender,Femenino,F,Normalización de género a estándar ('M'/'F')
students,2,gender,Masculino,M,Normalización de género a estándar ('M'/'F')
students,3,gender,Femenino,F,Normalización de género a estándar ('M'/'F')
students,4,gender,Femenino,F,Normalización de género a estándar ('M'/'F')
students,5,gender,Femenino,F,Normalización de género a estándar ('M'/'F')
students,6,gender,Masculino,M,Normalización de género a estándar ('M'/'F')
students,7,gender,Femenino,F,Normalización de género a estándar ('M'/'F')
students,9,gender,Masculino,M,Normalización de género a estándar ('M'/'F')
students,10,gender,Masculino,M,Normalización de género a estándar ('M'/'F')
students,11,gender,Masculino,M,Normalización de género a estándar ('M'/'F')
students,12,gender,Masculino,M,Normalización de género a estándar ('M'/'F')
students,13,gender,Femenino,F,Normalización de género a estándar ('M'/'F')
students,14,gender,Masculino,M,Normalización de género a estándar ('M'/'F')
students,15,gender,Femenino,F,Normalización de género a estándar ('M'/'F')
students,16,gender,Masculino,M,Normalización de género a estándar ('M'/'F')
students,17,gender,Masculino,M,Normalización de género a estándar ('M'/'F')
students,18,gender,Femenino,F,Normalización de género a estándar ('M'/'F')
students,19,gender,Femenino,F,Normalización de género a estándar ('M'/'F')
students,20,first_name,  JUAN ,JUAN,Espacios y formato en nombre corregidos
students,20,gender,Masculino,M,Normalización de género a estándar ('M'/'F')
students,21,gender,Femenino,F,Normalización de género a estándar ('M'/'F')
students,22,gender,Femenino,F,Normalización de género a estándar ('M'/'F')
students,23,gender,Masculino,M,Normalización de género a estándar ('M'/'F')
students,24,gender,Masculino,M,Normalización de género a estándar ('M'/'F')
students,25,gender,Masculino,M,Normalización de género a estándar ('M'/'F')
students,199,gender,Femenino,F,Normalización de género a estándar ('M'/'F')
students,26,gender,Masculino,M,Normalización de género a estándar ('M'/'F')
students,27,gender,Femenino,F,Normalización de género a estándar ('M'/'F')
students,11,gender,Masculino,M,Normalización de género a estándar ('M'/'F')
students,28,gender,Femenino,F,Normalización de género a estándar ('M'/'F')
students,29,gender,Masculino,M,Normalización de género a estándar ('M'/'F')
students,30,gender,Femenino,F,Normalización de género a estándar ('M'/'F')
students,31,gender,Masculino,M,Normalización de género a estándar ('M'/'F')
students,32,gender,Femenino,F,Normalización de género a estándar ('M'/'F')
students,33,gender,Masculino,M,Normalización de género a estándar ('M'/'F')
students,34,gender,Masculino,M,Normalización de género a estándar ('M'/'F')
students,35,gender,Femenino,F,Normalización de género a estándar ('M'/'F')
students,36,gender,Femenino,F,Normalización de género a estándar ('M'/'F')
students,37,gender,Masculino,M,Normalización de género a estándar ('M'/'F')
students,38,gender,Masculino,M,Normalización de género a estándar ('M'/'F')
students,39,gender,Masculino,M,Normalización de género a estándar ('M'/'F')
students,40,gender,Masculino,M,Normalización de género a estándar ('M'/'F')
students,41,gender,Femenino,F,Normalización de género a estándar ('M'/'F')
students,42,first_name,  SALOMÉ ,SALOMÉ,Espacios y formato en nombre corregidos
students,42,gender,Masculino,M,Normalización de género a estándar ('M'/'F')
students,43,gender,Femenino,F,Normalización de género a estándar ('M'/'F')
students,44,gender,Femenino,F,Normalización de género a estándar ('M'/'F')
students,45,gender,Masculino,M,Normalización de género a estándar ('M'/'F')
students,46,gender,Femenino,F,Normalización de género a estándar ('M'/'F')
students,47,gender,Femenino,F,Normalización de género a estándar ('M'/'F')
students,48,gender,Femenino,F,Normalización de género a estándar ('M'/'F')
students,49,gender,Masculino,M,Normalización de género a estándar ('M'/'F')
students,50,gender,Masculino,M,Normalización de género a estándar ('M'/'F')
students,51,gender,Masculino,M,Normalización de género a estándar ('M'/'F')
students,52,gender,Masculino,M,Normalización de género a estándar ('M'/'F')
students,53,gender,Femenino,F,Normalización de género a estándar ('M'/'F')
students,54,gender,Femenino,F,Normalización de género a estándar ('M'/'F')
students,55,gender,Femenino,F,Normalización de género a estándar ('M'/'F')
students,56,gender,Masculino,M,Normalización de género a estándar ('M'/'F')
students,57,gender,Masculino,M,Normalización de género a estándar ('M'/'F')
students,58,gender,Femenino,F,Normalización de género a estándar ('M'/'F')
students,59,gender,Femenino,F,Normalización de género a estándar ('M'/'F')
students,60,gender,Masculino,M,Normalización de género a estándar ('M'/'F')
students,61,gender,Femenino,F,Normalización de género a estándar ('M'/'F')
students,62,gender,Masculino,M,Normalización de género a estándar ('M'/'F')
students,63,gender,Femenino,F,Normalización de género a estándar ('M'/'F')
students,64,gender,Femenino,F,Normalización de género a estándar ('M'/'F')
students,65,gender,Femenino,F,Normalización de género a estándar ('M'/'F')
students,66,gender,Femenino,F,Normalización de género a estándar ('M'/'F')
students,67,gender,Masculino,M,Normalización de género a estándar ('M'/'F')
students,68,gender,Femenino,F,Normalización de género a estándar ('M'/'F')
students,69,gender,Masculino,M,Normalización de género a estándar ('M'/'F')
students,70,gender,Masculino,M,Normalización de género a estándar ('M'/'F')
students,71,gender,Femenino,F,Normalización de género a estándar ('M'/'F')
students,72,gender,Masculino,M,Normalización de género a estándar ('M'/'F')
students,73,gender,Femenino,F,Normalización de género a estándar ('M'/'F')
students,74,gender,f,F,Normalización de género a estándar ('M'/'F')
students,75,gender,Masculino,M,Normalización de género a estándar ('M'/'F')
students,76,gender,Masculino,M,Normalización de género a estándar ('M'/'F')
students,77,gender,Masculino,M,Normalización de género a estándar ('M'/'F')
students,78,gender,Masculino,M,Normalización de género a estándar ('M'/'F')
students,79,gender,Femenino,F,Normalización de género a estándar ('M'/'F')
students,80,gender,Masculino,M,Normalización de género a estándar ('M'/'F')
students,81,gender,Masculino,M,Normalización de género a estándar ('M'/'F')
students,82,gender,Masculino,M,Normalización de género a estándar ('M'/'F')
students,83,gender,Masculino,M,Normalización de género a estándar ('M'/'F')
students,84,gender,Masculino,M,Normalización de género a estándar ('M'/'F')
students,85,gender,Masculino,M,Normalización de género a estándar ('M'/'F')
students,86,gender,Masculino,M,Normalización de género a estándar ('M'/'F')
students,87,gender,Femenino,F,Normalización de género a estándar ('M'/'F')
students,88,gender,Femenino,F,Normalización de género a estándar ('M'/'F')
students,89,gender,Masculino,M,Normalización de género a estándar ('M'/'F')
students,90,gender,Masculino,M,Normalización de género a estándar ('M'/'F')
students,91,gender,Masculino,M,Normalización de género a estándar ('M'/'F')
students,92,gender,Femenino,F,Normalización de género a estándar ('M'/'F')
students,93,gender,Masculino,M,Normalización de género a estándar ('M'/'F')
students,94,gender,Femenino,F,Normalización de género a estándar ('M'/'F')
students,95,gender,Femenino,F,Normalización de género a estándar ('M'/'F')
students,96,gender,Femenino,F,Normalización de género a estándar ('M'/'F')
students,60,gender,Masculino,M,Normalización de género a estándar ('M'/'F')
students,97,gender,Femenino,F,Normalización de género a estándar ('M'/'F')
students,98,gender,Masculino,M,Normalización de género a estándar ('M'/'F')
students,99,gender,Masculino,M,Normalización de género a estándar ('M'/'F')
students,100,gender,Masculino,M,Normalización de género a estándar ('M'/'F')
students,101,gender,Femenino,F,Normalización de género a estándar ('M'/'F')
students,102,gender,Masculino,M,Normalización de género a estándar ('M'/'F')
students,103,gender,Masculino,M,Normalización de género a estándar ('M'/'F')
students,104,gender,Masculino,M,Normalización de género a estándar ('M'/'F')
students,105,gender,Masculino,M,Normalización de género a estándar ('M'/'F')
students,106,gender,Masculino,M,Normalización de género a estándar ('M'/'F')
students,107,gender,Masculino,M,Normalización de género a estándar ('M'/'F')
students,108,gender,Femenino,F,Normalización de género a estándar ('M'/'F')
students,109,gender,Masculino,M,Normalización de género a estándar ('M'/'F')
students,110,gender,Masculino,M,Normalización de género a estándar ('M'/'F')
students,111,gender,Femenino,F,Normalización de género a estándar ('M'/'F')
students,112,first_name,  ESTEBAN ,ESTEBAN,Espacios y formato en nombre corregidos
students,112,gender,Masculino,M,Normalización de género a estándar ('M'/'F')
students,113,gender,Masculino,M,Normalización de género a estándar ('M'/'F')
students,114,gender,Femenino,F,Normalización de género a estándar ('M'/'F')
students,115,gender,Masculino,M,Normalización de género a estándar ('M'/'F')
students,116,gender,Femenino,F,Normalización de género a estándar ('M'/'F')
students,117,gender,Masculino,M,Normalización de género a estándar ('M'/'F')
students,118,gender,Femenino,F,Normalización de género a estándar ('M'/'F')
students,119,gender,Masculino,M,Normalización de género a estándar ('M'/'F')
students,120,gender,Femenino,F,Normalización de género a estándar ('M'/'F')
students,121,gender,Masculino,M,Normalización de género a estándar ('M'/'F')
students,122,gender,Masculino,M,Normalización de género a estándar ('M'/'F')
students,123,gender,Masculino,M,Normalización de género a estándar ('M'/'F')
students,124,gender,Femenino,F,Normalización de género a estándar ('M'/'F')
students,125,first_name,  EMILIANO ,EMILIANO,Espacios y formato en nombre corregidos
students,125,gender,Femenino,F,Normalización de género a estándar ('M'/'F')
students,126,gender,Femenino,F,Normalización de género a estándar ('M'/'F')
students,127,gender,Femenino,F,Normalización de género a estándar ('M'/'F')
students,128,gender,masculino,M,Normalización de género a estándar ('M'/'F')
students,129,gender,Femenino,F,Normalización de género a estándar ('M'/'F')
students,130,gender,Femenino,F,Normalización de género a estándar ('M'/'F')
students,131,first_name,  SOFÍA ,SOFÍA,Espacios y formato en nombre corregidos
students,131,gender,Femenino,F,Normalización de género a estándar ('M'/'F')
students,132,gender,Masculino,M,Normalización de género a estándar ('M'/'F')
students,133,gender,Masculino,M,Normalización de género a estándar ('M'/'F')
students,134,gender,Femenino,F,Normalización de género a estándar ('M'/'F')
students,135,gender,Masculino,M,Normalización de género a estándar ('M'/'F')
students,136,gender,Masculino,M,Normalización de género a estándar ('M'/'F')
students,137,gender,Masculino,M,Normalización de género a estándar ('M'/'F')
students,138,gender,Femenino,F,Normalización de género a estándar ('M'/'F')
students,139,gender,Masculino,M,Normalización de género a estándar ('M'/'F')
students,140,gender,Masculino,M,Normalización de género a estándar ('M'/'F')
students,141,first_name,  PAULA ,PAULA,Espacios y formato en nombre corregidos
students,141,gender,Femenino,F,Normalización de género a estándar ('M'/'F')
students,142,gender,Masculino,M,Normalización de género a estándar ('M'/'F')
students,143,first_name,  MIGUEL ,MIGUEL,Espacios y formato en nombre corregidos
students,143,gender,Femenino,F,Normalización de género a estándar ('M'/'F')
students,144,gender,Masculino,M,Normalización de género a estándar ('M'/'F')
students,145,gender,Femenino,F,Normalización de género a estándar ('M'/'F')
students,146,first_name,  CAMILA ,CAMILA,Espacios y formato en nombre corregidos
students,146,gender,Femenino,F,Normalización de género a estándar ('M'/'F')
students,147,gender,Masculino,M,Normalización de género a estándar ('M'/'F')
students,148,gender,Femenino,F,Normalización de género a estándar ('M'/'F')
students,149,gender,Femenino,F,Normalización de género a estándar ('M'/'F')
students,150,gender,Masculino,M,Normalización de género a estándar ('M'/'F')
students,151,gender,Femenino,F,Normalización de género a estándar ('M'/'F')
students,152,gender,Femenino,F,Normalización de género a estándar ('M'/'F')
students,153,gender,Masculino,M,Normalización de género a estándar ('M'/'F')
students,154,gender,Femenino,F,Normalización de género a estándar ('M'/'F')
students,155,gender,Femenino,F,Normalización de género a estándar ('M'/'F')
students,156,gender,Masculino,M,Normalización de género a estándar ('M'/'F')
students,157,gender,Masculino,M,Normalización de género a estándar ('M'/'F')
students,158,gender,Femenino,F,Normalización de género a estándar ('M'/'F')
students,159,gender,Masculino,M,Normalización de género a estándar ('M'/'F')
students,160,gender,Femenino,F,Normalización de género a estándar ('M'/'F')
students,161,gender,Masculino,M,Normalización de género a estándar ('M'/'F')
students,162,gender,Masculino,M,Normalización de género a estándar ('M'/'F')
students,163,gender,Femenino,F,Normalización de género a estándar ('M'/'F')
students,164,gender,Masculino,M,Normalización de género a estándar ('M'/'F')
students,165,gender,Femenino,F,Normalización de género a estándar ('M'/'F')
students,166,gender,Femenino,F,Normalización de género a estándar ('M'/'F')
students,167,gender,Masculino,M,Normalización de género a estándar ('M'/'F')
students,168,gender,Femenino,F,Normalización de género a estándar ('M'/'F')
students,169,gender,Masculino,M,Normalización de género a estándar ('M'/'F')
students,170,gender,Femenino,F,Normalización de género a estándar ('M'/'F')
students,171,gender,Masculino,M,Normalización de género a estándar ('M'/'F')
students,172,gender,Femenino,F,Normalización de género a estándar ('M'/'F')
students,173,gender,m,M,Normalización de género a estándar ('M'/'F')
students,174,gender,Femenino,F,Normalización de género a estándar ('M'/'F')
students,175,gender,Masculino,M,Normalización de género a estándar ('M'/'F')
students,176,gender,Masculino,M,Normalización de género a estándar ('M'/'F')
students,177,gender,Masculino,M,Normalización de género a estándar ('M'/'F')
students,178,gender,Femenino,F,Normalización de género a estándar ('M'/'F')
students,179,gender,Femenino,F,Normalización de género a estándar ('M'/'F')
students,180,gender,Femenino,F,Normalización de género a estándar ('M'/'F')
students,181,gender,Masculino,M,Normalización de género a estándar ('M'/'F')
students,182,gender,Femenino,F,Normalización de género a estándar ('M'/'F')
students,183,gender,Masculino,M,Normalización de género a estándar ('M'/'F')
students,184,gender,Femenino,F,Normalización de género a estándar ('M'/'F')
students,185,gender,Femenino,F,Normalización de género a estándar ('M'/'F')
students,186,gender,Femenino,F,Normalización de género a estándar ('M'/'F')
students,187,gender,Masculino,M,Normalización de género a estándar ('M'/'F')
students,188,gender,Masculino,M,Normalización de género a estándar ('M'/'F')
students,189,gender,Femenino,F,Normalización de género a estándar ('M'/'F')
students,190,gender,Masculino,M,Normalización de género a estándar ('M'/'F')
students,191,gender,Masculino,M,Normalización de género a estándar ('M'/'F')
students,192,gender,Femenino,F,Normalización de género a estándar ('M'/'F')
students,193,gender,Femenino,F,Normalización de género a estándar ('M'/'F')
students,194,gender,Masculino,M,Normalización de género a estándar ('M'/'F')
students,195,gender,Masculino,M,Normalización de género a estándar ('M'/'F')
students,196,gender,Masculino,M,Normalización de género a estándar ('M'/'F')
students,197,gender,Masculino,M,Normalización de género a estándar ('M'/'F')
students,198,gender,Masculino,M,Normalización de género a estándar ('M'/'F')
students,199,gender,Femenino,F,Normalización de género a estándar ('M'/'F')
students,200,gender,Masculino,M,Normalización de género a estándar ('M'/'F')
students,202,gender,Masculino,M,Normalización de género a estándar ('M'/'F')
students,203,gender,Masculino,M,Normalización de género a estándar ('M'/'F')
students,204,gender,Masculino,M,Normalización de género a estándar ('M'/'F')
students,205,gender,Femenino,F,Normalización de género a estándar ('M'/'F')
students,206,gender,Masculino,M,Normalización de género a estándar ('M'/'F')
students,207,gender,Femenino,F,Normalización de género a estándar ('M'/'F')
students,208,gender,Femenino,F,Normalización de género a estándar ('M'/'F')
students,209,gender,Masculino,M,Normalización de género a estándar ('M'/'F')
students,210,gender,Femenino,F,Normalización de género a estándar ('M'/'F')
students,211,gender,Masculino,M,Normalización de género a estándar ('M'/'F')
students,212,gender,Masculino,M,Normalización de género a estándar ('M'/'F')
students,213,gender,Femenino,F,Normalización de género a estándar ('M'/'F')
students,214,gender,Masculino,M,Normalización de género a estándar ('M'/'F')
students,215,gender,Femenino,F,Normalización de género a estándar ('M'/'F')
students,216,gender,Femenino,F,Normalización de género a estándar ('M'/'F')
students,217,gender,Masculino,M,Normalización de género a estándar ('M'/'F')
students,218,gender,Femenino,F,Normalización de género a estándar ('M'/'F')
students,219,gender,Masculino,M,Normalización de género a estándar ('M'/'F')
students,220,gender,Masculino,M,Normalización de género a estándar ('M'/'F')
students,221,gender,Femenino,F,Normalización de género a estándar ('M'/'F')
students,222,gender,Femenino,F,Normalización de género a estándar ('M'/'F')
students,223,first_name,  LUCIANA ,LUCIANA,Espacios y formato en nombre corregidos
students,223,gender,Masculino,M,Normalización de género a estándar ('M'/'F')
students,224,gender,Femenino,F,Normalización de género a estándar ('M'/'F')
students,225,gender,Masculino,M,Normalización de género a estándar ('M'/'F')
students,226,gender,Femenino,F,Normalización de género a estándar ('M'/'F')
students,227,gender,Masculino,M,Normalización de género a estándar ('M'/'F')
students,228,gender,Femenino,F,Normalización de género a estándar ('M'/'F')
students,229,gender,FEM,F,Normalización de género a estándar ('M'/'F')
students,230,first_name,  NICOLÁS ,NICOLÁS,Espacios y formato en nombre corregidos
students,230,gender,Masculino,M,Normalización de género a estándar ('M'/'F')
students,231,gender,Femenino,F,Normalización de género a estándar ('M'/'F')
students,232,gender,Femenino,F,Normalización de género a estándar ('M'/'F')
students,233,gender,Femenino,F,Normalización de género a estándar ('M'/'F')
students,234,gender,Masculino,M,Normalización de género a estándar ('M'/'F')
students,235,gender,Femenino,F,Normalización de género a estándar ('M'/'F')
students,236,gender,Masculino,M,Normalización de género a estándar ('M'/'F')
students,237,gender,Masculino,M,Normalización de género a estándar ('M'/'F')
students,238,gender,Femenino,F,Normalización de género a estándar ('M'/'F')
students,239,gender,Masculino,M,Normalización de género a estándar ('M'/'F')
students,240,gender,Femenino,F,Normalización de género a estándar ('M'/'F')
grades,1670,score,"4,5",4.5,"Conversión de decimal con coma '4,5' a formato punto '4.5'"
grades,2303,score,"4,5",4.5,"Conversión de decimal con coma '4,5' a formato punto '4.5'"
grades,5734,score,"3,9",3.9,"Conversión de decimal con coma '3,9' a formato punto '3.9'"
grades,7550,score,"3,3",3.3,"Conversión de decimal con coma '3,3' a formato punto '3.3'"
grades,13820,score,"4,9",4.9,"Conversión de decimal con coma '4,9' a formato punto '4.9'"
grades,17187,score,"4,4",4.4,"Conversión de decimal con coma '4,4' a formato punto '4.4'"
grades,19726,score,"1,7",1.7,"Conversión de decimal con coma '1,7' a formato punto '1.7'"
grades,20811,score,"4,3",4.3,"Conversión de decimal con coma '4,3' a formato punto '4.3'"
grades,24172,score,"4,4",4.4,"Conversión de decimal con coma '4,4' a formato punto '4.4'"
grades,24407,score,"4,3",4.3,"Conversión de decimal con coma '4,3' a formato punto '4.3'"
grades,25110,score,"3,5",3.5,"Conversión de decimal con coma '3,5' a formato punto '3.5'"
grades,29343,score,"3,8",3.8,"Conversión de decimal con coma '3,8' a formato punto '3.8'"
grades,34215,score,"3,5",3.5,"Conversión de decimal con coma '3,5' a formato punto '3.5'"
grades,34461,score,"3,9",3.9,"Conversión de decimal con coma '3,9' a formato punto '3.9'"
grades,35452,score,"3,7",3.7,"Conversión de decimal con coma '3,7' a formato punto '3.7'"
