student_id,document_number,first_name,last_name,gender,birth_date,email,course_id,enrollment_date,status,extra
1,1149720459,Luciana,Jiménez González,F,2013-03-26,,1,,,"{""estado"": ""Activo""}"
2,1099659430,Paula,Sánchez Martínez,M,2014-01-20,,1,,,"{""estado"": ""Activo""}"
3,1107608479,María,López Caballero,F,2013-04-11,,1,,,"{""estado"": ""Activo""}"
4,1100806258,Sebastián,Rodríguez Cantillo,F,2013-04-12,,1,,,"{""estado"": ""Activo""}"
5,1148649865,Camila,Caballero Pérez,F,2014-06-07,,1,,,"{""estado"": ""Activo""}"
6,1007146672,Alejandro,Pacheco Mendoza,M,2013-08-22,,1,,,"{""estado"": ""Activo""}"
7,1123559137,Natalia,García Cantillo,F,2013-12-29,,1,,,"{""estado"": ""Activo""}"
8,1146601452,Sofía,López Sánchez,F,2013-07-22,,1,,,"{""estado"": ""Activo""}"
9,1031155965,David,Vargas Martínez,M,2013-05-20,,1,,,"{""estado"": ""Activo""}"
10,1074562077,Juliana,Silva González,M,2014-03-30,,1,,,"{""estado"": ""Activo""}"
11,1141574108,David,Pacheco Pacheco,M,2014-04-03,,1,,,"{""estado"": ""Activo""}"
12,1107142786,Salomé,Name Silva,M,2013-03-16,,1,,,"{""estado"": ""Activo""}"
13,1175769792,Juan,Caballero Díaz,F,2014-08-25,,1,,,"{""estado"": ""Activo""}"
14,1092412759,David,Ortiz Cantillo,M,2013-08-21,,1,,,"{""estado"": ""Activo""}"
15,1043197383,Isabella,Torres Vargas,F,2013-10-14,,1,,,"{""estado"": ""Activo""}"
16,1149721558,Emiliano,Ramírez Gómez,M,2013-05-31,,1,,,"{""estado"": ""Activo""}"
17,1151391393,Antonia,Hernández García,M,2014-10-16,,1,,,"{""estado"": ""Activo""}"
18,1195953624,David,Pacheco Silva,F,2014-10-01,,1,,,"{""estado"": ""Activo""}"
19,1134838162,Juliana,Díaz Ortiz,F,2014-01-28,,1,,,"{""estado"": ""Activo""}"
20,1082397796,JUAN,Ortiz Silva,M,2014-08-26,,1,,,"{""estado"": ""Activo""}"
21,1184517001,Sofía,Pérez Pérez,F,2013-02-03,,2,,,"{""estado"": ""Activo""}"
22,1038498751,Mariana,Silva Caballero,F,2014-10-10,,2,,,"{""estado"": ""Activo""}"
23,1069378268,Juan,López Silva,M,2014-06-07,,2,,,"{""estado"": ""Activo""}"
24,1052452334,Mateo,Polo Sánchez,M,2013-05-26,,2,,,"{""estado"": ""Activo""}"
25,1069623297,Esteban,Hernández Name,M,2014-11-30,,2,,,"{""estado"": ""Activo""}"
199,1021836435,Salomé,Rodríguez Cantillo,F,2009-02-27,,10,,,"{""estado"": ""Activo""}"
26,1199012933,Valentina,Castro Sánchez,M,2014-01-08,,2,,,"{""estado"": ""Activo""}"
27,1049482190,Esteban,Ortiz Hernández,F,2013-03-21,,2,,,"{""estado"": ""Activo""}"
28,1179471405,Isabella,Pacheco Barraza,F,2014-03-05,,2,,,"{""estado"": ""Activo""}"
29,1002672782,Tomás,Barraza Ortiz,M,2013-12-28,,2,,,"{""estado"": ""Activo""}"
30,1099153615,Felipe,Díaz Ramírez,F,2014-06-14,,2,,,"{""estado"": ""Activo""}"
31,1040087256,Tomás,Ortiz Moreno,M,2013-11-11,,2,,,"{""estado"": ""Activo""}"
32,1166488956,Sebastián,Díaz Díaz,F,2014-09-25,,2,,,"{""estado"": ""Activo""}"
33,1168719431,Miguel,Cantillo Hernández,M,2013-09-12,,2,,,"{""estado"": ""Activo""}"
34,1030490380,Daniel,Name Hernández,M,2013-12-09,,2,,,"{""estado"": ""Activo""}"
35,1174871817,Gabriela,Ortiz Mendoza,F,2013-07-07,,2,,,"{""estado"": ""Activo""}"
36,1027313665,Laura,Vargas Pacheco,F,2013-07-07,,2,,,"{""estado"": ""Activo""}"
37,1001937741,Santiago,Pacheco Polo,M,2014-08-22,,2,,,"{""estado"": ""Activo""}"
38,1079797700,Emiliano,Ramírez Cantillo,M,2013-08-19,,2,,,"{""estado"": ""Activo""}"
39,1051727997,María,Mendoza Castro,M,2014-10-18,,2,,,"{""estado"": ""Activo""}"
40,1191931419,David,Ramírez Polo,M,2013-10-18,,2,,,"{""estado"": ""Activo""}"
41,1053206194,Mariana,Mendoza Mendoza,F,2012-10-10,,3,,,"{""estado"": ""Retirado""}"
42,1095985023,SALOMÉ,Gómez Name,M,2012-01-24,,3,,,"{""estado"": ""Activo""}"
43,1148487080,Gabriela,Barraza Mendoza,F,2012-06-01,,3,,,"{""estado"": ""Activo""}"
44,1176838729,Daniela,Vargas Rojas,F,2013-02-04,,3,,,"{""estado"": ""Activo""}"
45,1023825186,Camila,Pacheco López,M,2012-10-21,,3,,,"{""estado"": ""Activo""}"
46,1131959973,Andrés,Martínez Ramírez,F,2013-07-10,,3,,,"{""estado"": ""Activo""}"
47,1090363574,Esteban,Caballero Ortiz,F,2013-01-10,,3,,,"{""estado"": ""Activo""}"
48,1034853743,Gabriela,Moreno Torres,F,2013-07-11,,3,,,"{""estado"": ""Activo""}"
49,1092495704,Laura,López Polo,M,2012-09-20,,3,,,"{""estado"": ""Activo""}"
50,1000310891,Salomé,Díaz Torres,M,2013-10-01,,3,,,"{""estado"": ""Activo""}"
51,1012247293,Emiliano,García Name,M,2012-01-12,,3,,,"{""estado"": ""Activo""}"
52,1081425121,Sebastián,Rodríguez González,M,2013-11-03,,3,,,"{""estado"": ""Activo""}"
53,1146679874,Nicolás,Vargas Mendoza,F,2012-12-04,,3,,,"{""estado"": ""Activo""}"
54,1036670205,Nicolás,Sánchez Ramírez,F,2012-06-05,,3,,,"{""estado"": ""Retirado""}"
55,1176937052,Antonia,Jiménez Jiménez,F,2013-05-25,,3,,,"{""estado"": ""Activo""}"
56,1054063239,Nicolás,Pacheco López,M,2012-08-30,,3,,,"{""estado"": ""Activo""}"
57,1195035158,Valentina,López Polo,M,2012-10-14,,3,,,"{""estado"": ""Activo""}"
58,1072698807,María,Rojas Ortiz,F,2012-09-01,,3,,,"{""estado"": ""Activo""}"
59,1100706434,Luciana,Barraza Pérez,F,2013-10-27,,3,,,"{""estado"": ""Activo""}"
60,1012067082,Antonia,López Díaz,M,2013-06-11,,3,,,"{""estado"": ""Activo""}"
61,1078314137,Juan,Rodríguez Torres,F,2013-02-04,,4,,,"{""estado"": ""Activo""}"
62,1006240004,Andrés,Hernández Ramírez,M,2012-07-28,,4,,,"{""estado"": ""Activo""}"
63,1169494148,Valentina,Martínez Hernández,F,2012-01-16,,4,,,"{""estado"": ""Activo""}"
64,1037379570,Valentina,Jiménez Caballero,F,2012-08-07,,4,,,"{""estado"": ""Activo""}"
65,1025750049,María,Pérez Caballero,F,2013-07-15,,4,,,"{""estado"": ""Activo""}"
66,1180627780,Camila,Caballero Díaz,F,2012-04-24,,4,,,"{""estado"": ""Activo""}"
67,1170528641,Valentina,Díaz Silva,M,2013-01-09,,4,,,"{""estado"": ""Activo""}"
68,1133219898,Mateo,Díaz Gómez,F,2012-09-09,,4,,,"{""estado"": ""Activo""}"
69,1166143374,Samuel,Gómez Pérez,M,2012-08-12,,4,,,"{""estado"": ""Activo""}"
70,1084235883,Mateo,Silva Moreno,M,2013-10-16,,4,,,"{""estado"": ""Retirado""}"
71,1116876959,Luciana,González Polo,F,2012-02-04,,4,,,"{""estado"": ""Activo""}"
72,1031809736,Sofía,Caballero Rodríguez,M,2013-10-13,,4,,,"{""estado"": ""Activo""}"
73,1081177223,Valentina,Silva Barraza,F,2013-10-31,,4,,,"{""estado"": ""Activo""}"
74,1127758276,Sebastián,Moreno Cantillo,F,2013-06-02,,4,,,"{""estado"": ""Retirado""}"
75,1106418756,Mariana,Hernández López,M,2012-11-25,,4,,,"{""estado"": ""Activo""}"
76,1046410509,Luciana,Mendoza Silva,M,2012-04-26,,4,,,"{""estado"": ""Activo""}"
77,1027826484,Juan,Mendoza García,M,2013-08-28,,4,,,"{""estado"": ""Activo""}"
78,1021347816,Emiliano,Name Caballero,M,2012-11-14,,4,,,"{""estado"": ""Activo""}"
79,1085069596,Juan,Moreno Ortiz,F,2012-05-19,,4,,,"{""estado"": ""Activo""}"
81,1175469591,David,Barraza Ortiz,M,2011-05-17,,5,,,"{""estado"": ""Activo""}"
82,1177296750,Luciana,Díaz Gómez,M,2012-10-07,,5,,,"{""estado"": ""Activo""}"
83,1052314202,Tomás,López López,M,2012-09-25,,5,,,"{""estado"": ""Activo""}"
84,1190297034,Paula,Rodríguez Name,M,2011-07-10,,5,,,"{""estado"": ""Activo""}"
85,1172407927,Valentina,Barraza Pérez,M,2011-04-14,,5,,,"{""estado"": ""Activo""}"
86,1049093054,Sebastián,González Castro,M,2012-06-09,,5,,,"{""estado"": ""Retirado""}"
87,1032460858,Salomé,Caballero Pacheco,F,2011-10-17,,5,,,"{""estado"": ""Activo""}"
88,1044754177,Paula,Mendoza Mendoza,F,2011-07-16,,5,,,"{""estado"": ""Activo""}"
89,1117228716,Antonia,Barraza Hernández,M,2011-02-08,,5,,,"{""estado"": ""Activo""}"
90,1038409639,Santiago,Rojas Caballero,M,2011-04-30,,5,,,"{""estado"": ""Activo""}"
91,1159213852,Felipe,Ortiz Hernández,M,2012-03-17,,5,,,"{""estado"": ""Activo""}"
92,1079069840,Andrés,Ramírez Rodríguez,F,2011-06-13,,5,,,"{""estado"": ""Activo""}"
93,1095483084,Daniel,Moreno Moreno,M,2011-11-11,,5,,,"{""estado"": ""Activo""}"
94,1150721733,Antonia,González Moreno,F,2011-08-26,,5,,,"{""estado"": ""Activo""}"
95,1179859074,Emiliano,González Ramírez,F,2011-07-24,,5,,,"{""estado"": ""Activo""}"
96,1072612950,María,Pacheco Mendoza,F,2011-09-21,,5,,,"{""estado"": ""Activo""}"
97,1080553086,Valentina,Rodríguez Torres,F,2012-02-29,,5,,,"{""estado"": ""Activo""}"
98,1072093064,Miguel,Mendoza Pacheco,M,2011-11-06,,5,,,"{""estado"": ""Activo""}"
99,1094978474,Santiago,Caballero Mendoza,M,2012-04-02,,5,,,"{""estado"": ""Activo""}"
100,1138671614,Mateo,Jiménez Vargas,M,2012-06-27,,5,,,"{""estado"": ""Activo""}"
102,1181353162,Sebastián,Gómez Silva,M,2011-10-26,,6,,,"{""estado"": ""Activo""}"
103,1049701439,Miguel,Moreno Sánchez,M,2012-01-05,,6,,,"{""estado"": ""Activo""}"
104,1181771128,Natalia,Castro López,M,2011-01-09,,6,,,"{""estado"": ""Activo""}"
105,1156947015,Emiliano,Rodríguez Castro,M,2011-05-28,,6,,,"{""estado"": ""Activo""}"
106,1164392742,Luciana,Rojas Cantillo,M,2012-01-21,,6,,,"{""estado"": ""Activo""}"
107,1132454271,Sofía,Rodríguez Gómez,M,2012-06-09,,6,,,"{""estado"": ""Activo""}"
108,1063445247,Juan,Rodríguez Moreno,F,2012-06-18,,6,,,"{""estado"": ""Activo""}"
109,1029472744,Camila,Gómez Ramírez,M,2011-08-24,,6,,,"{""estado"": ""Activo""}"
110,1126061178,María,Pacheco Vargas,M,2012-04-30,,6,,,"{""estado"": ""Activo""}"
111,1192996311,Valentina,Castro Sánchez,F,2012-11-22,,6,,,"{""estado"": ""Activo""}"
112,1108120092,ESTEBAN,Pérez Rojas,M,2011-09-22,,6,,,"{""estado"": ""Activo""}"
113,1024445652,Tomás,Gómez Pérez,M,2012-02-11,,6,,,"{""estado"": ""Activo""}"
114,1155669605,Sebastián,Ramírez Silva,F,2012-05-20,,6,,,"{""estado"": ""Activo""}"
115,1148417271,Daniel,Castro Ramírez,M,2012-06-02,,6,,,"{""estado"": ""Activo""}"
116,1053247782,Felipe,Polo Gómez,F,2012-03-08,,6,,,"{""estado"": ""Activo""}"
117,1108503764,María,Barraza Caballero,M,2011-07-10,,6,,,"{""estado"": ""Activo""}"
118,1044152679,Daniela,Rojas García,F,2012-09-29,,6,,,"{""estado"": ""Activo""}"
119,1009396385,David,López Rodríguez,M,2012-07-10,,6,,,"{""estado"": ""Activo""}"
120,1083968856,Mateo,Silva Torres,F,2011-02-17,,6,,,"{""estado"": ""Activo""}"
121,1144440109,Isabella,Jiménez Pacheco,M,2010-11-07,,7,,,"{""estado"": ""Activo""}"
122,1161176755,Natalia,Pacheco López,M,2010-10-11,,7,,,"{""estado"": ""Activo""}"
123,1101103993,Emiliano,Mendoza Díaz,M,2011-09-14,,7,,,"{""estado"": ""Activo""}"
125,1133237075,EMILIANO,Díaz Moreno,F,2011-12-01,,7,,,"{""estado"": ""Activo""}"
127,1035184626,Salomé,Silva Martínez,F,2011-01-02,,7,,,"{""estado"": ""Activo""}"
128,1173708254,Nicolás,Pérez Gómez,M,2011-03-07,,7,,,"{""estado"": ""Activo""}"
129,1188823673,Natalia,López Rodríguez,F,2010-05-26,,7,,,"{""estado"": ""Activo""}"
130,1160222284,Juan,López García,F,2010-11-22,,7,,,"{""estado"": ""Activo""}"
131,1029107742,SOFÍA,Castro Moreno,F,2011-08-22,,7,,,"{""estado"": ""Activo""}"
132,1115854858,María,Jiménez Sánchez,M,2010-08-08,,7,,,"{""estado"": ""Activo""}"
133,1094026813,Juan,Pérez Vargas,M,2010-12-13,,7,,,"{""estado"": ""Activo""}"
134,1001203691,Juan,Rojas Mendoza,F,2010-08-08,,7,,,"{""estado"": ""Activo""}"
135,1090452296,Esteban,Pacheco Cantillo,M,2010-05-13,,7,,,"{""estado"": ""Activo""}"
136,1098476840,Mariana,Cantillo Ramírez,M,2011-07-15,,7,,,"{""estado"": ""Activo""}"
137,1032817763,Miguel,Hernández Cantillo,M,2010-09-20,,7,,,"{""estado"": ""Activo""}"
138,1072416002,Daniel,Ortiz Rodríguez,F,2011-03-08,,7,,,"{""estado"": ""Activo""}"
139,1046436443,Gabriela,Moreno Castro,M,2011-07-09,,7,,,"{""estado"": ""Activo""}"
140,1035523953,Paula,Rojas González,M,2011-09-11,,7,,,"{""estado"": ""Activo""}"
141,1004610145,PAULA,Rodríguez Jiménez,F,2011-05-23,,8,,,"{""estado"": ""Activo""}"
142,1038772525,Samuel,González Torres,M,2010-05-07,,8,,,"{""estado"": ""Activo""}"
143,1100709576,MIGUEL,Martínez Hernández,F,2010-11-16,,8,,,"{""estado"": ""Activo""}"
144,1036550697,Felipe,Martínez Mendoza,M,2010-12-25,,8,,,"{""estado"": ""Activo""}"
145,1116775501,Salomé,Mendoza Pacheco,F,2011-05-14,,8,,,"{""estado"": ""Activo""}"
146,1000685978,CAMILA,Moreno Silva,F,2010-08-28,,8,,,"{""estado"": ""Activo""}"
147,1062272304,Andrés,Rojas Name,M,2010-02-06,,8,,,"{""estado"": ""Activo""}"
148,1178710252,Alejandro,Rodríguez Jiménez,F,2010-01-01,,8,,,"{""estado"": ""Activo""}"
149,1128171520,Mariana,Martínez Silva,F,2010-02-10,,8,,,"{""estado"": ""Activo""}"
150,1002624905,Juliana,Jiménez Name,M,2010-07-22,,8,,,"{""estado"": ""Activo""}"
152,1022720840,Salomé,Rodríguez Ramírez,F,2010-09-10,,8,,,"{""estado"": ""Activo""}"
153,1116263405,Sebastián,Mendoza García,M,2010-06-21,,8,,,"{""estado"": ""Activo""}"
154,1017782651,María,Torres Cantillo,F,2011-02-15,,8,,,"{""estado"": ""Activo""}"
155,1047325944,Daniela,López Ramírez,F,2010-04-04,,8,,,"{""estado"": ""Activo""}"
156,1058094568,Nicolás,Rojas Pérez,M,2010-08-21,,8,,,"{""estado"": ""Activo""}"
157,1161927680,Mateo,Polo Gómez,M,2011-01-16,,8,,,"{""estado"": ""Activo""}"
158,1165188162,Samuel,García Barraza,F,2011-09-01,,8,,,"{""estado"": ""Activo""}"
159,1062781409,Valentina,González Mendoza,M,2010-09-14,,8,,,"{""estado"": ""Activo""}"
160,1123832358,Isabella,Hernández Ramírez,F,2011-03-30,,8,,,"{""estado"": ""Activo""}"
161,1168310742,Tomás,Mendoza Mendoza,M,2010-05-20,,9,,,"{""estado"": ""Activo""}"
162,1123559471,Salomé,Torres Martínez,M,2009-05-07,,9,,,"{""estado"": ""Activo""}"
163,1027727611,David,Sánchez Martínez,F,2009-06-18,,9,,,"{""estado"": ""Activo""}"
164,1150198575,María,Cantillo González,M,2009-12-11,,9,,,"{""estado"": ""Activo""}"
165,1106127364,Felipe,Díaz Hernández,F,2009-05-28,,9,,,"{""estado"": ""Activo""}"
166,1185715923,Tomás,Torres Sánchez,F,2010-05-23,,9,,,"{""estado"": ""Activo""}"
167,1043505819,Juan,Pérez Name,M,2009-01-17,,9,,,"{""estado"": ""Activo""}"
168,1046212798,Tomás,González Rodríguez,F,2010-02-09,,9,,,"{""estado"": ""Activo""}"
169,1168231352,Tomás,Barraza Name,M,2009-04-22,,9,,,"{""estado"": ""Activo""}"
170,1010554702,Luciana,Ramírez Ortiz,F,2009-08-28,,9,,,"{""estado"": ""Activo""}"
171,1050529881,Nicolás,Pérez González,M,2009-01-05,,9,,,"{""estado"": ""Activo""}"
172,1128072200,Natalia,Hernández Ortiz,F,2009-05-10,,9,,,"{""estado"": ""Activo""}"
173,1113972183,Daniel,Jiménez Vargas,M,2009-06-14,,9,,,"{""estado"": ""Activo""}"
174,1052333684,Alejandro,Ramírez Jiménez,F,2009-04-29,,9,,,"{""estado"": ""Activo""}"
175,1178105921,Samuel,Ramírez Martínez,M,2009-01-28,,9,,,"{""estado"": ""Activo""}"
176,1148301566,Juan,Torres Caballero,M,2010-03-02,,9,,,"{""estado"": ""Activo""}"
177,1023822693,Salomé,Castro Gómez,M,2009-07-20,,9,,,"{""estado"": ""Activo""}"
178,1034689513,Mariana,Martínez Vargas,F,2009-06-07,,9,,,"{""estado"": ""Activo""}"
179,1120844755,Isabella,Díaz Torres,F,2009-05-12,,9,,,"{""estado"": ""Activo""}"
180,1066488195,Mateo,González López,F,2009-10-12,,9,,,"{""estado"": ""Activo""}"
181,1105007418,Laura,Pacheco López,M,2010-08-07,,10,,,"{""estado"": ""Activo""}"
182,1175410795,Daniela,González Cantillo,F,2009-02-02,,10,,,"{""estado"": ""Activo""}"
183,1132451913,Paula,Ramírez Hernández,M,2010-11-18,,10,,,"{""estado"": ""Retirado""}"
184,1037188179,Isabella,López Polo,F,2009-01-14,,10,,,"{""estado"": ""Activo""}"
185,1175529649,Emiliano,García Pérez,F,2010-10-06,,10,,,"{""estado"": ""Activo""}"
186,1074754682,Daniela,Cantillo González,F,2009-04-18,,10,,,"{""estado"": ""Activo""}"
187,1131840889,Esteban,Hernández Pérez,M,2009-02-01,,10,,,"{""estado"": ""Activo""}"
188,1167754934,Miguel,Mendoza Silva,M,2009-02-10,,10,,,"{""estado"": ""Activo""}"
189,1174240729,Alejandro,Caballero Barraza,F,2009-02-02,,10,,,"{""estado"": ""Activo""}"
190,1075767956,Juliana,Castro Moreno,M,2010-05-29,,10,,,"{""estado"": ""Activo""}"
191,1061279956,Juan,Silva Mendoza,M,2010-08-09,,10,,,"{""estado"": ""Activo""}"
192,1112508436,Gabriela,Silva Cantillo,F,2010-10-24,,10,,,"{""estado"": ""Activo""}"
193,1003404546,Gabriela,Rodríguez Vargas,F,2009-02-19,,10,,,"{""estado"": ""Activo""}"
194,1017299130,Juan,Jiménez Ortiz,M,2009-07-18,,10,,,"{""estado"": ""Activo""}"
195,1085925335,Salomé,Caballero Moreno,M,2010-05-19,,10,,,"{""estado"": ""Activo""}"
196,1087241128,Paula,Torres Cantillo,M,2010-04-03,,10,,,"{""estado"": ""Activo""}"
197,1151259188,Santiago,Pérez González,M,2009-04-08,,10,,,"{""estado"": ""Activo""}"
198,1139027988,Laura,Ortiz Pacheco,M,2009-06-20,,10,,,"{""estado"": ""Activo""}"
200,1076260362,Salomé,Pacheco Name,M,2009-01-20,,10,,,"{""estado"": ""Activo""}"
201,1159438524,Sofía,Pacheco Caballero,M,2009-11-29,,11,,,"{""estado"": ""Activo""}"
202,1185870774,Felipe,Caballero Polo,M,2009-09-30,,11,,,"{""estado"": ""Activo""}"
203,1097411299,María,Moreno Pérez,M,2008-02-28,,11,,,"{""estado"": ""Activo""}"
204,1031138669,David,Pérez Barraza,M,2008-12-17,,11,,,"{""estado"": ""Activo""}"
205,1158616512,Emiliano,Name Torres,F,2009-07-08,,11,,,"{""estado"": ""Activo""}"
206,1187080837,Daniel,Gómez Gómez,M,2008-12-28,,11,,,"{""estado"": ""Activo""}"
207,1083784579,Camila,Caballero Mendoza,F,2009-09-10,,11,,,"{""estado"": ""Activo""}"
208,1118080481,Paula,López Barraza,F,2009-09-27,,11,,,"{""estado"": ""Activo""}"
209,1042101027,Isabella,Castro Hernández,M,2009-08-26,,11,,,"{""estado"": ""Activo""}"
210,1080569746,Juan,Jiménez Polo,F,2008-01-05,,11,,,"{""estado"": ""Activo""}"
211,1077547795,Tomás,Polo Polo,M,2009-07-09,,11,,,"{""estado"": ""Activo""}"
213,1092298420,Samuel,Sánchez Sánchez,F,2009-07-01,,11,,,"{""estado"": ""Activo""}"
214,1006491963,Mariana,Silva Pérez,M,2009-09-27,,11,,,"{""estado"": ""Activo""}"
215,1099262070,Salomé,Díaz Castro,F,2009-11-23,,11,,,"{""estado"": ""Activo""}"
216,1143355005,Felipe,Mendoza Pacheco,F,2009-07-17,,11,,,"{""estado"": ""Activo""}"
217,1030330290,Andrés,Castro Hernández,M,2008-10-08,,11,,,"{""estado"": ""Activo""}"
218,1029023032,Daniel,Ortiz Díaz,F,2008-07-31,,11,,,"{""estado"": ""Activo""}"
219,1106014359,Juliana,Torres Díaz,M,2009-09-28,,11,,,"{""estado"": ""Activo""}"
220,1180641467,Sofía,Díaz Gómez,M,2009-11-27,,11,,,"{""estado"": ""Activo""}"
221,1119046327,Gabriela,Gómez Ramírez,F,2008-02-18,,12,,,"{""estado"": ""Activo""}"
222,1162569256,Laura,González Barraza,F,2008-02-25,,12,,,"{""estado"": ""Activo""}"
223,1019424391,LUCIANA,Mendoza Castro,M,2008-09-27,,12,,,"{""estado"": ""Activo""}"
224,1091298596,Felipe,Torres Silva,F,2008-02-08,,12,,,"{""estado"": ""Activo""}"
225,1163227913,Natalia,Caballero Cantillo,M,2008-01-11,,12,,,"{""estado"": ""Activo""}"
226,1165256032,Nicolás,García Ortiz,F,2008-12-02,,12,,,"{""estado"": ""Activo""}"
227,1094243758,Andrés,Jiménez Castro,M,2009-06-16,,12,,,"{""estado"": ""Activo""}"
228,1139248651,Daniel,Polo Mendoza,F,2009-10-04,,12,,,"{""estado"": ""Activo""}"
229,1005347459,Paula,Castro Ramírez,F,2009-06-24,,12,,,"{""estado"": ""Activo""}"
230,1109531776,NICOLÁS,Martínez Moreno,M,2008-02-28,,12,,,"{""estado"": ""Activo""}"
231,1066683116,María,Martínez Barraza,F,2009-10-05,,12,,,"{""estado"": ""Activo""}"
232,1005862970,Camila,López López,F,2008-03-04,,12,,,"{""estado"": ""Activo""}"
233,1164646230,Daniel,Ramírez Ramírez,F,2008-06-24,,12,,,"{""estado"": ""Activo""}"
234,1185463990,Miguel,Moreno García,M,2008-11-21,,12,,,"{""estado"": ""Activo""}"
235,1195169336,Daniela,Barraza López,F,2008-11-16,,12,,,"{""estado"": ""Activo""}"
236,1162912829,Paula,López Díaz,M,2009-03-11,,12,,,"{""estado"": ""Activo""}"
237,1066338157,Paula,Pérez Cantillo,M,2008-11-01,,12,,,"{""estado"": ""Activo""}"
238,1148023313,Esteban,Rojas Cantillo,F,2009-05-20,,12,,,"{""estado"": ""Activo""}"
239,1188091563,Laura,Ramírez Barraza,M,2009-11-20,,12,,,"{""estado"": ""Activo""}"
240,1123530869,Sebastián,Caballero Moreno,F,2008-04-15,,12,,,"{""estado"": ""Activo""}"
