subject_id,subject_name,course_id,department
SUB-MAT-10A,Matemáticas 10°,CUR-10A,Ciencias Exactas
SUB-FIS-10A,Física 10°,CUR-10A,Ciencias Naturales
SUB-QUI-10A,Química 10°,CUR-10A,Ciencias Naturales
SUB-ESP-10A,Español y Literatura 10°,CUR-10A,Humanidades
SUB-ING-10A,Inglés 10°,CUR-10A,Idiomas
SUB-MAT-10B,Matemáticas 10°,CUR-10B,Ciencias Exactas
SUB-FIS-10B,Física 10°,CUR-10B,Ciencias Naturales
SUB-QUI-10B,Química 10°,CUR-10B,Ciencias Naturales
SUB-ESP-10B,Español y Literatura 10°,CUR-10B,Humanidades
SUB-ING-10B,Inglés 10°,CUR-10B,Idiomas
SUB-MAT-11A,Matemáticas 11°,CUR-11A,Ciencias Exactas
SUB-FIS-11A,Física 11°,CUR-11A,Ciencias Naturales
SUB-QUI-11A,Química 11°,CUR-11A,Ciencias Naturales
SUB-ESP-11A,Español y Literatura 11°,CUR-11A,Humanidades
SUB-ING-11A,Inglés 11°,CUR-11A,Idiomas
SUB-MAT-11B,Matemáticas 11°,CUR-11B,Ciencias Exactas
SUB-FIS-11B,Física 11°,CUR-11B,Ciencias Naturales
SUB-QUI-11B,Química 11°,CUR-11B,Ciencias Naturales
SUB-ESP-11B,Español y Literatura 11°,CUR-11B,Humanidades
SUB-ING-11B,Inglés 11°,CUR-11B,Idiomas
