assessment_id,course_id,subject_id,period_id,assessment_name,assessment_type,weight_percentage,assessment_date,extra
1,,1,1,1,,15,2025-02-16,
2,,1,1,2,,25,2025-03-01,
3,,1,1,3,,30,2025-03-15,
4,,1,1,4,,30,2025-03-28,
5,,2,1,5,,15,2025-02-16,
6,,2,1,6,,25,2025-03-01,
7,,2,1,7,,30,2025-03-15,
8,,2,1,8,,30,2025-03-28,
9,,3,1,9,,15,2025-02-16,
10,,3,1,10,,25,2025-03-01,
11,,3,1,11,,30,2025-03-15,
12,,3,1,12,,30,2025-03-28,
13,,4,1,13,,15,2025-02-16,
14,,4,1,14,,25,2025-03-01,
15,,4,1,15,,30,2025-03-15,
16,,4,1,16,,30,2025-03-28,
17,,5,1,17,,15,2025-02-16,
18,,5,1,18,,25,2025-03-01,
19,,5,1,19,,30,2025-03-15,
20,,5,1,20,,30,2025-03-28,
21,,6,1,21,,30,2025-02-19,
22,,6,1,22,,40,2025-03-08,
23,,6,1,23,,30,2025-03-25,
24,,7,1,24,,30,2025-02-19,
25,,7,1,25,,40,2025-03-08,
26,,7,1,26,,30,2025-03-25,
27,,8,1,27,,15,2025-02-16,
28,,8,1,28,,25,2025-03-01,
29,,8,1,29,,30,2025-03-15,
30,,8,1,30,,30,2025-03-28,
31,,9,1,31,,15,2025-02-16,
32,,9,1,32,,25,2025-03-01,
33,,9,1,33,,30,2025-03-15,
34,,9,1,34,,30,2025-03-28,
35,,10,1,35,,15,2025-02-16,
36,,10,1,36,,25,2025-03-01,
37,,10,1,37,,30,2025-03-15,
38,,10,1,38,,30,2025-03-28,
39,,1,2,39,,15,2025-05-03,
40,,1,2,40,,25,2025-05-15,
41,,1,2,41,,30,2025-05-27,
42,,1,2,42,,30,2025-06-08,
43,,2,2,43,,15,2025-05-03,
44,,2,2,44,,25,2025-05-15,
45,,2,2,45,,30,2025-05-27,
46,,2,2,46,,30,2025-06-08,
47,,3,2,47,,5,2025-05-03,
48,,3,2,48,,25,2025-05-15,
49,,3,2,49,,30,2025-05-27,
50,,3,2,50,,30,2025-06-08,
51,,4,2,51,,15,2025-05-03,
52,,4,2,52,,25,2025-05-15,
53,,4,2,53,,30,2025-05-27,
54,,4,2,54,,30,2025-06-08,
55,,5,2,55,,15,2025-05-03,
56,,5,2,56,,25,2025-05-15,
57,,5,2,57,,30,2025-05-27,
58,,5,2,58,,30,2025-06-08,
59,,6,2,59,,30,2025-05-06,
60,,6,2,60,,40,2025-05-21,
61,,6,2,61,,30,2025-06-05,
62,,7,2,62,,30,2025-05-06,
63,,7,2,63,,40,2025-05-21,
64,,7,2,64,,30,2025-06-05,
65,,8,2,65,,15,2025-05-03,
66,,8,2,66,,25,2025-05-15,
67,,8,2,67,,30,2025-05-27,
68,,8,2,68,,30,2025-06-08,
69,,9,2,69,,15,2025-05-03,
70,,9,2,70,,25,2025-05-15,
71,,9,2,71,,30,2025-05-27,
72,,9,2,72,,30,2025-06-08,
73,,10,2,73,,15,2025-05-03,
74,,10,2,74,,25,2025-05-15,
75,,10,2,75,,30,2025-05-27,
76,,10,2,76,,30,2025-06-08,
77,,1,3,77,,15,2025-07-26,
78,,1,3,78,,25,2025-08-07,
79,,1,3,79,,30,2025-08-19,
80,,1,3,80,,30,2025-08-31,
81,,2,3,81,,15,2025-07-26,
82,,2,3,82,,25,2025-08-07,
83,,2,3,83,,30,2025-08-19,
84,,2,3,84,,30,2025-08-31,
85,,3,3,85,,15,2025-07-26,
86,,3,3,86,,25,2025-08-07,
87,,3,3,87,,30,2025-08-19,
88,,3,3,88,,30,2025-08-31,
89,,4,3,89,,15,2025-07-26,
90,,4,3,90,,25,2025-08-07,
91,,4,3,91,,30,2025-08-19,
92,,4,3,92,,30,2025-08-31,
93,,5,3,93,,15,2025-07-26,
94,,5,3,94,,25,2025-08-07,
95,,5,3,95,,30,2025-08-19,
96,,5,3,96,,30,2025-08-31,
97,,6,3,97,,30,2025-07-29,
98,,6,3,98,,40,2025-08-13,
99,,6,3,99,,30,2025-08-28,
100,,7,3,100,,30,2025-07-29,
101,,7,3,101,,40,2025-08-13,
102,,7,3,102,,30,2025-08-28,
103,,8,3,103,,15,2025-07-26,
104,,8,3,104,,25,2025-08-07,
105,,8,3,105,,30,2025-08-19,
106,,8,3,106,,30,2025-08-31,
107,,9,3,107,,15,2025-07-26,
108,,9,3,108,,25,2025-08-07,
109,,9,3,109,,30,2025-08-19,
110,,9,3,110,,30,2025-08-31,
111,,10,3,111,,15,2025-07-26,
112,,10,3,112,,25,2025-08-07,
113,,10,3,113,,30,2025-08-19,
114,,10,3,114,,30,2025-08-31,
115,,1,4,115,,15,2025-10-02,
116,,1,4,116,,25,2025-10-13,
117,,1,4,117,,30,2025-10-23,
118,,1,4,118,,30,2025-11-03,
119,,2,4,119,,15,2025-10-02,
120,,2,4,120,,25,2025-10-13,
121,,2,4,121,,30,2025-10-23,
122,,2,4,122,,30,2025-11-03,
123,,3,4,123,,15,2025-10-02,
124,,3,4,124,,25,2025-10-13,
125,,3,4,125,,30,2025-10-23,
126,,3,4,126,,30,2025-11-03,
127,,4,4,127,,15,2025-10-02,
128,,4,4,128,,25,2025-10-13,
129,,4,4,129,,30,2025-10-23,
130,,4,4,130,,30,2025-11-03,
131,,5,4,131,,15,2025-10-02,
132,,5,4,132,,25,2025-10-13,
133,,5,4,133,,30,2025-10-23,
134,,5,4,134,,40,2025-11-03,
135,,6,4,135,,30,2025-10-05,
136,,6,4,136,,40,2025-10-18,
137,,6,4,137,,30,2025-10-31,
138,,7,4,138,,30,2025-10-05,
139,,7,4,139,,40,2025-10-18,
140,,7,4,140,,30,2025-10-31,
141,,8,4,141,,15,2025-10-02,
142,,8,4,142,,25,2025-10-13,
143,,8,4,143,,30,2025-10-23,
144,,8,4,144,,30,2025-11-03,
145,,9,4,145,,15,2025-10-02,
146,,9,4,146,,25,2025-10-13,
147,,9,4,147,,30,2025-10-23,
148,,9,4,148,,30,2025-11-03,
149,,10,4,149,,15,2025-10-02,
150,,10,4,150,,25,2025-10-13,
151,,10,4,151,,30,2025-10-23,
152,,10,4,152,,30,2025-11-03,
