course_id,subject_id,teacher_id,hours_per_week,extra
1,1,1,4,"{""curso_materia_id"": ""1""}"
1,2,2,4,"{""curso_materia_id"": ""2""}"
1,3,3,3,"{""curso_materia_id"": ""3""}"
1,4,4,3,"{""curso_materia_id"": ""4""}"
1,5,5,3,"{""curso_materia_id"": ""5""}"
1,6,6,2,"{""curso_materia_id"": ""6""}"
1,7,7,2,"{""curso_materia_id"": ""7""}"
1,8,8,2,"{""curso_materia_id"": ""8""}"
1,9,9,1,"{""curso_materia_id"": ""9""}"
1,10,10,1,"{""curso_materia_id"": ""10""}"
2,1,1,4,"{""curso_materia_id"": ""11""}"
2,2,2,4,"{""curso_materia_id"": ""12""}"
2,3,3,3,"{""curso_materia_id"": ""13""}"
2,4,4,3,"{""curso_materia_id"": ""14""}"
2,5,5,3,"{""curso_materia_id"": ""15""}"
2,6,6,2,"{""curso_materia_id"": ""16""}"
2,7,7,2,"{""curso_materia_id"": ""17""}"
2,8,8,2,"{""curso_materia_id"": ""18""}"
2,9,9,1,"{""curso_materia_id"": ""19""}"
2,10,10,1,"{""curso_materia_id"": ""20""}"
3,1,1,4,"{""curso_materia_id"": ""21""}"
3,2,2,4,"{""curso_materia_id"": ""22""}"
3,3,3,3,"{""curso_materia_id"": ""23""}"
3,4,4,3,"{""curso_materia_id"": ""24""}"
3,5,5,3,"{""curso_materia_id"": ""25""}"
3,6,6,2,"{""curso_materia_id"": ""26""}"
3,7,7,2,"{""curso_materia_id"": ""27""}"
3,8,8,2,"{""curso_materia_id"": ""28""}"
3,9,9,1,"{""curso_materia_id"": ""29""}"
3,10,10,1,"{""curso_materia_id"": ""30""}"
4,1,1,4,"{""curso_materia_id"": ""31""}"
4,2,2,4,"{""curso_materia_id"": ""32""}"
4,3,3,3,"{""curso_materia_id"": ""33""}"
4,4,4,3,"{""curso_materia_id"": ""34""}"
4,5,5,3,"{""curso_materia_id"": ""35""}"
4,6,6,2,"{""curso_materia_id"": ""36""}"
4,7,7,2,"{""curso_materia_id"": ""37""}"
4,8,8,2,"{""curso_materia_id"": ""38""}"
4,9,9,1,"{""curso_materia_id"": ""39""}"
4,10,10,1,"{""curso_materia_id"": ""40""}"
5,1,1,4,"{""curso_materia_id"": ""41""}"
5,2,2,4,"{""curso_materia_id"": ""42""}"
5,3,3,3,"{""curso_materia_id"": ""43""}"
5,4,4,3,"{""curso_materia_id"": ""44""}"
5,5,5,3,"{""curso_materia_id"": ""45""}"
5,6,6,2,"{""curso_materia_id"": ""46""}"
5,7,7,2,"{""curso_materia_id"": ""47""}"
5,8,8,2,"{""curso_materia_id"": ""48""}"
5,9,9,1,"{""curso_materia_id"": ""49""}"
5,10,10,1,"{""curso_materia_id"": ""50""}"
6,1,1,4,"{""curso_materia_id"": ""51""}"
6,2,2,4,"{""curso_materia_id"": ""52""}"
6,3,3,3,"{""curso_materia_id"": ""53""}"
6,4,4,3,"{""curso_materia_id"": ""54""}"
6,5,5,3,"{""curso_materia_id"": ""55""}"
6,6,6,2,"{""curso_materia_id"": ""56""}"
6,7,7,2,"{""curso_materia_id"": ""57""}"
6,8,8,2,"{""curso_materia_id"": ""58""}"
6,9,9,1,"{""curso_materia_id"": ""59""}"
6,10,10,1,"{""curso_materia_id"": ""60""}"
7,1,11,4,"{""curso_materia_id"": ""61""}"
7,2,12,4,"{""curso_materia_id"": ""62""}"
7,3,13,3,"{""curso_materia_id"": ""63""}"
7,4,14,3,"{""curso_materia_id"": ""64""}"
7,5,5,3,"{""curso_materia_id"": ""65""}"
7,6,6,2,"{""curso_materia_id"": ""66""}"
7,7,7,2,"{""curso_materia_id"": ""67""}"
7,8,8,2,"{""curso_materia_id"": ""68""}"
7,9,9,1,"{""curso_materia_id"": ""69""}"
7,10,10,1,"{""curso_materia_id"": ""70""}"
8,1,11,4,"{""curso_materia_id"": ""71""}"
8,2,12,4,"{""curso_materia_id"": ""72""}"
8,3,13,3,"{""curso_materia_id"": ""73""}"
8,4,14,3,"{""curso_materia_id"": ""74""}"
8,5,5,3,"{""curso_materia_id"": ""75""}"
8,6,6,2,"{""curso_materia_id"": ""76""}"
8,7,7,2,"{""curso_materia_id"": ""77""}"
8,8,8,2,"{""curso_materia_id"": ""78""}"
8,9,9,1,"{""curso_materia_id"": ""79""}"
8,10,10,1,"{""curso_materia_id"": ""80""}"
9,1,11,4,"{""curso_materia_id"": ""81""}"
9,2,12,4,"{""curso_materia_id"": ""82""}"
9,3,13,3,"{""curso_materia_id"": ""83""}"
9,4,14,3,"{""curso_materia_id"": ""84""}"
9,5,5,3,"{""curso_materia_id"": ""85""}"
9,6,6,2,"{""curso_materia_id"": ""86""}"
9,7,7,2,"{""curso_materia_id"": ""87""}"
9,8,8,2,"{""curso_materia_id"": ""88""}"
9,9,9,1,"{""curso_materia_id"": ""89""}"
9,10,10,1,"{""curso_materia_id"": ""90""}"
10,1,11,4,"{""curso_materia_id"": ""91""}"
10,2,12,4,"{""curso_materia_id"": ""92""}"
10,3,13,3,"{""curso_materia_id"": ""93""}"
10,4,14,3,"{""curso_materia_id"": ""94""}"
10,5,5,3,"{""curso_materia_id"": ""95""}"
10,6,6,2,"{""curso_materia_id"": ""96""}"
10,7,7,2,"{""curso_materia_id"": ""97""}"
10,8,8,2,"{""curso_materia_id"": ""98""}"
10,9,9,1,"{""curso_materia_id"": ""99""}"
10,10,10,1,"{""curso_materia_id"": ""100""}"
11,1,11,4,"{""curso_materia_id"": ""101""}"
11,2,12,4,"{""curso_materia_id"": ""102""}"
11,3,13,3,"{""curso_materia_id"": ""103""}"
11,4,14,3,"{""curso_materia_id"": ""104""}"
11,5,5,3,"{""curso_materia_id"": ""105""}"
11,6,6,2,"{""curso_materia_id"": ""106""}"
11,7,7,2,"{""curso_materia_id"": ""107""}"
11,8,8,2,"{""curso_materia_id"": ""108""}"
11,9,9,1,"{""curso_materia_id"": ""109""}"
11,10,10,1,"{""curso_materia_id"": ""110""}"
12,1,11,4,"{""curso_materia_id"": ""111""}"
12,2,12,4,"{""curso_materia_id"": ""112""}"
12,3,13,3,"{""curso_materia_id"": ""113""}"
12,4,14,3,"{""curso_materia_id"": ""114""}"
12,5,5,3,"{""curso_materia_id"": ""115""}"
12,6,6,2,"{""curso_materia_id"": ""116""}"
12,7,7,2,"{""curso_materia_id"": ""117""}"
12,8,8,2,"{""curso_materia_id"": ""118""}"
12,9,9,1,"{""curso_materia_id"": ""119""}"
12,10,10,1,"{""curso_materia_id"": ""120""}"
1,1,1,4,"{""curso_materia_id"": ""1""}"
