student_id,first_name,last_name,email,course_id,enrollment_date,status
EST-001,Andrés,Martínez,andres.martinez1@colegio.edu.co,CUR-10A,2026-01-15,ACTIVO
EST-002,Santiago,Sánchez,santiago.sanchez2@colegio.edu.co,CUR-10B,2026-01-15,ACTIVO
EST-003,Lucas,Pérez,lucas.perez3@colegio.edu.co,CUR-11A,2026-01-15,ACTIVO
EST-004,Matías,Martínez,matias.martinez4@colegio.edu.co,CUR-11B,2026-01-15,ACTIVO
EST-005,Felipe,Silva,felipe.silva5@colegio.edu.co,CUR-10A,2026-01-15,ACTIVO
EST-006,Sebastián,Rojas,sebastian.rojas6@colegio.edu.co,CUR-10B,2026-01-15,ACTIVO
EST-007,Camila,Gómez,camila.gomez7@colegio.edu.co,CUR-11A,2026-01-15,ACTIVO
EST-008,Santiago,González,santiago.gonzalez8@colegio.edu.co,CUR-11B,2026-01-15,ACTIVO
EST-009,Samuel,Pérez,samuel.perez9@colegio.edu.co,CUR-10A,2026-01-15,ACTIVO
EST-010,Daniela,Navarro,daniela.navarro10@colegio.edu.co,CUR-10B,2026-01-15,ACTIVO
EST-011,Santiago,Silva,santiago.silva11@colegio.edu.co,CUR-11A,2026-01-15,ACTIVO
EST-012,Samuel,Mendoza,samuel.mendoza12@colegio.edu.co,CUR-11B,2026-01-15,ACTIVO
EST-013,Carlos,Silva,carlos.silva13@colegio.edu.co,CUR-10A,2026-01-15,ACTIVO
EST-014,Camila,Pérez,camila.perez14@colegio.edu.co,CUR-10B,2026-01-15,ACTIVO
EST-015,Mariana,Rojas,mariana.rojas15@colegio.edu.co,CUR-11A,2026-01-15,ACTIVO
EST-016,Diego,Rodríguez,diego.rodriguez16@colegio.edu.co,CUR-11B,2026-01-15,ACTIVO
EST-017,Julian,López,julian.lopez17@colegio.edu.co,CUR-10A,2026-01-15,ACTIVO
EST-018,Carlos,Vargas,carlos.vargas18@colegio.edu.co,CUR-10B,2026-01-15,ACTIVO
EST-019,Valentina,Sánchez,valentina.sanchez19@colegio.edu.co,CUR-11A,2026-01-15,ACTIVO
EST-020,Matías,Hernández,matias.hernandez20@colegio.edu.co,CUR-11B,2026-01-15,ACTIVO
EST-021,Julian,Torres,julian.torres21@colegio.edu.co,CUR-10A,2026-01-15,ACTIVO
EST-022,Alejandro,González,alejandro.gonzalez22@colegio.edu.co,CUR-10B,2026-01-15,ACTIVO
EST-023,Isabella,Martínez,isabella.martinez23@colegio.edu.co,CUR-11A,2026-01-15,ACTIVO
EST-024,Sofía,Flores,sofia.flores24@colegio.edu.co,CUR-11B,2026-01-15,ACTIVO
EST-025,Martina,Sánchez,martina.sanchez25@colegio.edu.co,CUR-10A,2026-01-15,ACTIVO
EST-026,Sara,Gómez,sara.gomez26@colegio.edu.co,CUR-10B,2026-01-15,ACTIVO
EST-027,Esteban,Castro,esteban.castro27@colegio.edu.co,CUR-11A,2026-01-15,ACTIVO
EST-028,Gabriela,Martínez,gabriela.martinez28@colegio.edu.co,CUR-11B,2026-01-15,ACTIVO
EST-029,Isabella,González,isabella.gonzalez29@colegio.edu.co,CUR-10A,2026-01-15,ACTIVO
EST-030,Gabriela,Ramírez,gabriela.ramirez30@colegio.edu.co,CUR-10B,2026-01-15,ACTIVO
EST-031,Laura,Mendoza,laura.mendoza31@colegio.edu.co,CUR-11A,2026-01-15,ACTIVO
EST-032,Martina,Flores,martina.flores32@colegio.edu.co,CUR-11B,2026-01-15,ACTIVO
EST-033,Victoria,Hernández,victoria.hernandez33@colegio.edu.co,CUR-10A,2026-01-15,ACTIVO
EST-034,Carlos,González,carlos.gonzalez34@colegio.edu.co,CUR-10B,2026-01-15,ACTIVO
EST-035,Mateo,Castillo,mateo.castillo35@colegio.edu.co,CUR-11A,2026-01-15,ACTIVO
EST-036,Lucas,Ramírez,lucas.ramirez36@colegio.edu.co,CUR-11B,2026-01-15,ACTIVO
EST-037,Sebastián,Pérez,sebastian.perez37@colegio.edu.co,CUR-10A,2026-01-15,ACTIVO
EST-038,Elena,Martínez,elena.martinez38@colegio.edu.co,CUR-10B,2026-01-15,ACTIVO
EST-039,Isabella,Sánchez,isabella.sanchez39@colegio.edu.co,CUR-11A,2026-01-15,ACTIVO
EST-040,Mariana,Mendoza,mariana.mendoza40@colegio.edu.co,CUR-11B,2026-01-15,ACTIVO
EST-041,Laura,Flores,laura.flores41@colegio.edu.co,CUR-10A,2026-01-15,ACTIVO
EST-042,Nicolás,Flores,nicolas.flores42@colegio.edu.co,CUR-10B,2026-01-15,ACTIVO
EST-043,Sofía,Hernández,sofia.hernandez43@colegio.edu.co,CUR-11A,2026-01-15,ACTIVO
EST-044,Felipe,Sánchez,felipe.sanchez44@colegio.edu.co,CUR-11B,2026-01-15,ACTIVO
EST-045,Carlos,Castillo,carlos.castillo45@colegio.edu.co,CUR-10A,2026-01-15,ACTIVO
EST-046,Andrés,González,andres.gonzalez46@colegio.edu.co,CUR-10B,2026-01-15,ACTIVO
EST-047,Martina,Mendoza,martina.mendoza47@colegio.edu.co,CUR-11A,2026-01-15,ACTIVO
EST-048,Nicolás,Silva,nicolas.silva48@colegio.edu.co,CUR-11B,2026-01-15,ACTIVO
EST-049,Esteban,Pérez,esteban.perez49@colegio.edu.co,CUR-10A,2026-01-15,ACTIVO
EST-050,Nicolás,Castro,nicolas.castro50@colegio.edu.co,CUR-10B,2026-01-15,ACTIVO
EST-051,Isabella,Sánchez,isabella.sanchez51@colegio.edu.co,CUR-11A,2026-01-15,ACTIVO
EST-052,Andrés,Silva,andres.silva52@colegio.edu.co,CUR-11B,2026-01-15,ACTIVO
EST-053,Lucas,Castillo,lucas.castillo53@colegio.edu.co,CUR-10A,2026-01-15,ACTIVO
EST-054,Valentina,Gómez,valentina.gomez54@colegio.edu.co,CUR-10B,2026-01-15,ACTIVO
EST-055,Lucas,Gómez,lucas.gomez55@colegio.edu.co,CUR-11A,2026-01-15,ACTIVO
EST-056,Sara,Torres,sara.torres56@colegio.edu.co,CUR-11B,2026-01-15,ACTIVO
EST-057,Isabella,Sánchez,isabella.sanchez57@colegio.edu.co,CUR-10A,2026-01-15,ACTIVO
EST-058,Sebastián,Hernández,sebastian.hernandez58@colegio.edu.co,CUR-10B,2026-01-15,ACTIVO
EST-059,Victoria,Torres,victoria.torres59@colegio.edu.co,CUR-11A,2026-01-15,ACTIVO
EST-060,Samuel,Mendoza,samuel.mendoza60@colegio.edu.co,CUR-11B,2026-01-15,ACTIVO
EST-061,Luciana,Díaz,luciana.diaz61@colegio.edu.co,CUR-10A,2026-01-15,ACTIVO
EST-062,Andrés,Castro,andres.castro62@colegio.edu.co,CUR-10B,2026-01-15,ACTIVO
EST-063,Matías,Sánchez,matias.sanchez63@colegio.edu.co,CUR-11A,2026-01-15,ACTIVO
EST-064,Matías,Pérez,matias.perez64@colegio.edu.co,CUR-11B,2026-01-15,ACTIVO
EST-065,Esteban,Silva,esteban.silva65@colegio.edu.co,CUR-10A,2026-01-15,ACTIVO
EST-066,Gabriela,Sánchez,gabriela.sanchez66@colegio.edu.co,CUR-10B,2026-01-15,ACTIVO
EST-067,Esteban,Rojas,esteban.rojas67@colegio.edu.co,CUR-11A,2026-01-15,ACTIVO
EST-068,Camila,Rojas,camila.rojas68@colegio.edu.co,CUR-11B,2026-01-15,ACTIVO
EST-069,Isabella,Flores,isabella.flores69@colegio.edu.co,CUR-10A,2026-01-15,ACTIVO
EST-070,Lucas,García,lucas.garcia70@colegio.edu.co,CUR-10B,2026-01-15,ACTIVO
EST-071,Daniela,Morales,daniela.morales71@colegio.edu.co,CUR-11A,2026-01-15,ACTIVO
EST-072,Sebastián,Gómez,sebastian.gomez72@colegio.edu.co,CUR-11B,2026-01-15,ACTIVO
EST-073,Elena,Martínez,elena.martinez73@colegio.edu.co,CUR-10A,2026-01-15,ACTIVO
EST-074,Matías,Mendoza,matias.mendoza74@colegio.edu.co,CUR-10B,2026-01-15,ACTIVO
EST-075,Nicolás,Castillo,nicolas.castillo75@colegio.edu.co,CUR-11A,2026-01-15,ACTIVO
EST-076,Camila,Navarro,camila.navarro76@colegio.edu.co,CUR-11B,2026-01-15,ACTIVO
EST-077,Sebastián,Díaz,sebastian.diaz77@colegio.edu.co,CUR-10A,2026-01-15,ACTIVO
EST-078,Isabella,Navarro,isabella.navarro78@colegio.edu.co,CUR-10B,2026-01-15,ACTIVO
EST-079,Mariana,Ortiz,mariana.ortiz79@colegio.edu.co,CUR-11A,2026-01-15,ACTIVO
EST-080,Diego,Silva,diego.silva80@colegio.edu.co,CUR-11B,2026-01-15,ACTIVO
EST-005,Duplicado,Test,duplicado.test@colegio.edu.co,CUR-10A,2026-01-15,ACTIVO
EST-081,SinApellido,,sin.apellido@colegio.edu.co,CUR-10B,2026-01-15,ACTIVO
EST-082,CursoInvalido,Huérfano,invalido@colegio.edu.co,CUR-99Z,2026-01-15,ACTIVO
